Criterion,Test Accuracy
Gini,0.7128571428571429
Entropy,0.7042857142857143
