Metric,Value
Mean AUC Difference,-0.0007825319756030136
2.5th Percentile,-0.0021796507505384643
97.5th Percentile,0.0008195573467368873
