Model,MSE,R²
Linear Regression,853.0716952540398,0.1410133361648046
Ridge Regression,853.0714173087259,0.1410136160373161
